timestamp,open,high,low,close,volume
2015-04-07,303.27,303.27,303.27,303.27,0
2015-04-08,304.19,304.19,304.19,304.19,0
2015-04-09,307.49,307.49,307.49,307.49,0
2015-04-10,309.75,309.75,309.75,309.75,0
2015-04-13,309.5,309.5,309.5,309.5,0
2015-04-14,307.3,307.3,307.3,307.3,0
2015-04-15,312.73,312.73,312.73,312.73,0
2015-04-16,310.94,310.94,310.94,310.94,0
2015-04-17,305.72,305.72,305.72,305.72,0
2015-04-20,308.23,308.23,308.23,308.23,0
2015-04-21,308.65,308.65,308.65,308.65,0
2015-04-22,309.77,309.77,309.77,309.77,0
2015-04-23,307.81,307.81,307.81,307.81,0
2015-04-24,308.97,308.97,308.97,308.97,0
2015-04-27,307.27,307.27,307.27,307.27,0
2015-04-28,304.95,304.95,304.95,304.95,0
2015-04-29,297.84,297.84,297.84,297.84,0
2015-05-01,294.14,294.14,294.14,294.14,0
2015-05-04,296.05,296.05,296.05,296.05,0
2015-05-05,291.95,291.95,291.95,291.95,0
2015-05-06,287.85,287.85,287.85,287.85,0
2015-05-07,291.2,291.2,291.2,291.2,0
2015-05-08,296.91,296.91,296.91,296.91,0
2015-05-11,298.04,298.04,298.04,298.04,0
2015-05-12,296.14,296.14,296.14,296.14,0
2015-05-14,296.93,296.93,296.93,296.93,0
2015-05-15,296.03,296.03,296.03,296.03,0
2015-05-18,297.77,297.77,297.77,297.77,0
2015-05-19,303.47,303.47,303.47,303.47,0
2015-05-20,303.52,303.52,303.52,303.52,0
2015-05-21,303.58,303.58,303.58,303.58,0
2015-05-22,304.96,304.96,304.96,304.96,0
2015-05-26,303.8,303.8,303.8,303.8,0
2015-05-27,306.41,306.41,306.41,306.41,0
2015-05-28,304.88,304.88,304.88,304.88,0
2015-05-29,301.73,301.73,301.73,301.73,0
2015-06-01,303.63,303.63,303.63,303.63,0
2015-06-02,298.21,298.21,298.21,298.21,0
2015-06-03,296.01,296.01,296.01,296.01,0
2015-06-04,292.98,292.98,292.98,292.98,0
2015-06-05,294.03,294.03,294.03,294.03,0
2015-06-08,290.19,290.19,290.19,290.19,0
2015-06-09,289.6,289.6,289.6,289.6,0
2015-06-10,291.92,291.92,291.92,291.92,0
2015-06-11,294.3,294.3,294.3,294.3,0
2015-06-12,291.59,291.59,291.59,291.59,0
2015-06-15,287.81,287.81,287.81,287.81,0
2015-06-16,288.94,288.94,288.94,288.94,0
2015-06-17,288.63,288.63,288.63,288.63,0
2015-06-18,287.84,287.84,287.84,287.84,0
2015-06-19,288.9,288.9,288.9,288.9,0
2015-06-23,296.81,296.81,296.81,296.81,0
2015-06-24,295.51,295.51,295.51,295.51,0
2015-06-25,293.58,293.58,293.58,293.58,0
2015-06-26,293.65,293.65,293.65,293.65,0
2015-06-29,289.64,289.64,289.64,289.64,0
2015-06-30,289.38,289.38,289.38,289.38,0
2015-07-01,292.32,292.32,292.32,292.32,0
2015-07-02,291.8,291.8,291.8,291.8,0
2015-07-06,286.71,286.71,286.71,286.71,0
2015-07-07,287.26,287.26,287.26,287.26,0
2015-07-08,283.77,283.77,283.77,283.77,0
2015-07-09,285.6,285.6,285.6,285.6,0
2015-07-10,286.49,286.49,286.49,286.49,0
2015-07-14,293.39,293.39,293.39,293.39,0
2015-07-15,294.35,294.35,294.35,294.35,0
2015-07-16,297.55,297.55,297.55,297.55,0
2015-07-17,297.28,297.28,297.28,297.28,0
2015-07-20,297.43,297.43,297.43,297.43,0
2015-07-21,292.81,292.81,292.81,292.81,0
2015-07-22,293.32,293.32,293.32,293.32,0
2015-07-23,291.47,291.47,291.47,291.47,0
2015-07-24,288.54,288.54,288.54,288.54,0
2015-07-27,283.29,283.29,283.29,283.29,0
2015-07-28,287.59,287.59,287.59,287.59,0
2015-07-29,289.61,289.61,289.61,289.61,0
2015-07-30,291.88,291.88,291.88,291.88,0
2015-07-31,290.69,290.69,290.69,290.69,0
2015-08-03,291.1,291.1,291.1,291.1,0
2015-08-04,291.93,291.93,291.93,291.93,0
2015-08-05,295.62,295.62,295.62,295.62,0
2015-08-06,292.97,292.97,292.97,292.97,0
2015-08-07,290.59,290.59,290.59,290.59,0
2015-08-10,292.0,292.0,292.0,292.0,0
2015-08-11,288.26,288.26,288.26,288.26,0
2015-08-12,283.31,283.31,283.31,283.31,0
2015-08-13,285.2,285.2,285.2,285.2,0
2015-08-14,286.68,286.68,286.68,286.68,0
2015-08-17,287.99,287.99,287.99,287.99,0
2015-08-18,288.79,288.79,288.79,288.79,0
2015-08-19,285.68,285.68,285.68,285.68,0
2015-08-20,277.61,277.61,277.61,277.61,0
2015-08-21,268.16,268.16,268.16,268.16,0
2015-08-24,253.5,253.5,253.5,253.5,0
2015-08-25,257.9,257.9,257.9,257.9,0
2015-08-26,261.53,261.53,261.53,261.53,0
2015-08-27,270.76,270.76,270.76,270.76,0
2015-08-28,271.02,271.02,271.02,271.02,0
2015-08-31,268.67,268.67,268.67,268.67,0
2015-09-01,261.13,261.13,261.13,261.13,0
2015-09-02,263.59,263.59,263.59,263.59,0
2015-09-03,268.29,268.29,268.29,268.29,0
2015-09-04,264.73,264.73,264.73,264.73,0
2015-09-08,270.21,270.21,270.21,270.21,0
2015-09-09,269.69,269.69,269.69,269.69,0
2015-09-10,267.81,267.81,267.81,267.81,0
2015-09-11,266.46,266.46,266.46,266.46,0
2015-09-14,265.64,265.64,265.64,265.64,0
2015-09-15,269.07,269.07,269.07,269.07,0
2015-09-16,271.76,271.76,271.76,271.76,0
2015-09-17,270.35,270.35,270.35,270.35,0
2015-09-18,266.26,266.26,266.26,266.26,0
2015-09-21,270.15,270.15,270.15,270.15,0
2015-09-22,267.19,267.19,267.19,267.19,0
2015-09-23,266.39,266.39,266.39,266.39,0
2015-09-24,263.09,263.09,263.09,263.09,0
2015-09-25,267.64,267.64,267.64,267.64,0
2015-09-28,262.64,262.64,262.64,262.64,0
2015-09-29,262.19,262.19,262.19,262.19,0
2015-09-30,267.79,267.79,267.79,267.79,0
2015-10-01,267.31,267.31,267.31,267.31,0
2015-10-02,268.63,268.63,268.63,268.63,0
2015-10-05,274.52,274.52,274.52,274.52,0
2015-10-06,273.44,273.44,273.44,273.44,0
2015-10-07,275.82,275.82,275.82,275.82,0
2015-10-08,278.95,278.95,278.95,278.95,0
2015-10-09,277.27,277.27,277.27,277.27,0
2015-10-12,276.5,276.5,276.5,276.5,0
2015-10-13,274.92,274.92,274.92,274.92,0
2015-10-14,273.91,273.91,273.91,273.91,0
2015-10-15,278.3,278.3,278.3,278.3,0
2015-10-16,278.34,278.34,278.34,278.34,0
2015-10-19,280.55,280.55,280.55,280.55,0
2015-10-20,280.95,280.95,280.95,280.95,0
2015-10-21,279.53,279.53,279.53,279.53,0
2015-10-22,286.93,286.93,286.93,286.93,0
2015-10-23,290.96,290.96,290.96,290.96,0
2015-10-26,289.46,289.46,289.46,289.46,0
2015-10-27,288.27,288.27,288.27,288.27,0
2015-10-28,290.08,290.08,290.08,290.08,0
2015-10-29,291.23,291.23,291.23,291.23,0
2015-10-30,290.37,290.37,290.37,290.37,0
2015-11-02,292.75,292.75,292.75,292.75,0
2015-11-03,294.38,294.38,294.38,294.38,0
2015-11-04,297.64,297.64,297.64,297.64,0
2015-11-05,298.57,298.57,298.57,298.57,0
2015-11-06,298.05,298.05,298.05,298.05,0
2015-11-09,295.61,295.61,295.61,295.61,0
2015-11-10,297.96,297.96,297.96,297.96,0
2015-11-11,297.74,297.74,297.74,297.74,0
2015-11-12,293.44,293.44,293.44,293.44,0
2015-11-13,292.49,292.49,292.49,292.49,0
2015-11-16,295.47,295.47,295.47,295.47,0
2015-11-17,298.65,298.65,298.65,298.65,0
2015-11-18,301.26,301.26,301.26,301.26,0
2015-11-19,301.53,301.53,301.53,301.53,0
2015-11-20,303.52,303.52,303.52,303.52,0
2015-11-23,303.9,303.9,303.9,303.9,0
2015-11-24,301.37,301.37,301.37,301.37,0
2015-11-25,303.26,303.26,303.26,303.26,0
2015-11-27,306.51,306.51,306.51,306.51,0
2015-11-30,306.66,306.66,306.66,306.66,0
2015-12-01,306.36,306.36,306.36,306.36,0
2015-12-02,304.74,304.74,304.74,304.74,0
2015-12-03,294.38,294.38,294.38,294.38,0
2015-12-04,296.34,296.34,296.34,296.34,0
2015-12-07,295.58,295.58,295.58,295.58,0
2015-12-08,292.49,292.49,292.49,292.49,0
2015-12-09,289.4,289.4,289.4,289.4,0
2015-12-10,289.37,289.37,289.37,289.37,0
2015-12-11,284.89,284.89,284.89,284.89,0
2015-12-14,283.5,283.5,283.5,283.5,0
2015-12-15,287.26,287.26,287.26,287.26,0
2015-12-16,290.63,290.63,290.63,290.63,0
2015-12-17,290.85,290.85,290.85,290.85,0
2015-12-18,287.39,287.39,287.39,287.39,0
2015-12-21,285.23,285.23,285.23,285.23,0
2015-12-22,285.51,285.51,285.51,285.51,0
2015-12-24,289.5,289.5,289.5,289.5,0
2015-12-28,289.55,289.55,289.55,289.55,0
2015-12-29,292.88,292.88,292.88,292.88,0
2015-12-30,292.09,292.09,292.09,292.09,0
2016-01-04,287.59,287.59,287.59,287.59,0
2016-01-05,289.5,289.5,289.5,289.5,0
2016-01-06,285.35,285.35,285.35,285.35,0
2016-01-07,279.04,279.04,279.04,279.04,0
2016-01-08,274.57,274.57,274.57,274.57,0
2016-01-11,274.55,274.55,274.55,274.55,0
2016-01-12,277.23,277.23,277.23,277.23,0
2016-01-13,273.74,273.74,273.74,273.74,0
2016-01-14,273.33,273.33,273.33,273.33,0
2016-01-15,266.73,266.73,266.73,266.73,0
2016-01-19,268.92,268.92,268.92,268.92,0
2016-01-20,264.92,264.92,264.92,264.92,0
2016-01-21,268.8,268.8,268.8,268.8,0
2016-01-22,275.21,275.21,275.21,275.21,0
2016-01-25,271.91,271.91,271.91,271.91,0
2016-01-26,274.74,274.74,274.74,274.74,0
2016-01-27,274.45,274.45,274.45,274.45,0
2016-01-28,273.11,273.11,273.11,273.11,0
2016-01-29,281.32,281.32,281.32,281.32,0
2016-02-01,280.14,280.14,280.14,280.14,0
2016-02-02,274.83,274.83,274.83,274.83,0
2016-02-03,272.71,272.71,272.71,272.71,0
2016-02-04,271.31,271.31,271.31,271.31,0
2016-02-05,268.27,268.27,268.27,268.27,0
2016-02-08,262.84,262.84,262.84,262.84,0
2016-02-09,260.45,260.45,260.45,260.45,0
2016-02-10,262.59,262.59,262.59,262.59,0
2016-02-11,255.25,255.25,255.25,255.25,0
2016-02-12,262.62,262.62,262.62,262.62,0
2016-02-16,268.02,268.02,268.02,268.02,0
2016-02-17,271.77,271.77,271.77,271.77,0
2016-02-18,273.21,273.21,273.21,273.21,0
2016-02-19,273.31,273.31,273.31,273.31,0
2016-02-22,276.86,276.86,276.86,276.86,0
2016-02-25,274.89,274.89,274.89,274.89,0
2016-02-26,274.92,274.92,274.92,274.92,0
2016-03-01,281.55,281.55,281.55,281.55,0
2016-03-04,282.62,282.62,282.62,282.62,0
2016-03-08,278.74,278.74,278.74,278.74,0
2016-03-09,280.14,280.14,280.14,280.14,0
2016-03-10,276.75,276.75,276.75,276.75,0
2016-03-11,280.32,280.32,280.32,280.32,0
2016-03-14,281.53,281.53,281.53,281.53,0
2016-03-15,280.19,280.19,280.19,280.19,0
2016-03-16,282.73,282.73,282.73,282.73,0
2016-03-17,282.84,282.84,282.84,282.84,0
2016-03-18,284.03,284.03,284.03,284.03,0
2016-03-21,284.37,284.37,284.37,284.37,0
2016-03-22,284.13,284.13,284.13,284.13,0
2016-03-23,283.6,283.6,283.6,283.6,0
2016-03-28,283.44,283.44,283.44,283.44,0
2016-03-29,287.51,287.51,287.51,287.51,0
2016-03-30,286.28,286.28,286.28,286.28,0
2016-03-31,283.39,283.39,283.39,283.39,0
2016-04-01,283.54,283.54,283.54,283.54,0
2016-04-04,281.44,281.44,281.44,281.44,0
2016-04-05,278.58,278.58,278.58,278.58,0
2016-04-06,280.44,280.44,280.44,280.44,0
2016-04-07,279.86,279.86,279.86,279.86,0
2016-04-08,281.55,281.55,281.55,281.55,0
2016-04-11,281.69,281.69,281.69,281.69,0
2016-04-12,284.75,284.75,284.75,284.75,0
2016-04-13,289.52,289.52,289.52,289.52,0
2016-04-14,290.66,290.66,290.66,290.66,0
2016-04-15,290.23,290.23,290.23,290.23,0
2016-04-18,291.8,291.8,291.8,291.8,0
2016-04-19,291.8,291.8,291.8,291.8,0
2016-04-20,292.36,292.36,292.36,292.36,0
2016-04-21,290.88,290.88,290.88,290.88,0
2016-04-22,292.09,292.09,292.09,292.09,0
2016-04-25,291.33,291.33,291.33,291.33,0
2016-04-26,291.76,291.76,291.76,291.76,0
2016-04-27,292.34,292.34,292.34,292.34,0
2016-04-28,293.14,293.14,293.14,293.14,0
2016-04-29,289.14,289.14,289.14,289.14,0
2016-05-02,289.74,289.74,289.74,289.74,0
2016-05-03,287.83,287.83,287.83,287.83,0
2016-05-05,287.22,287.22,287.22,287.22,0
2016-05-06,289.63,289.63,289.63,289.63,0
2016-05-09,289.9,289.9,289.9,289.9,0
2016-05-10,292.06,292.06,292.06,292.06,0
2016-05-11,290.73,290.73,290.73,290.73,0
2016-05-12,291.65,291.65,291.65,291.65,0
2016-05-16,293.68,293.68,293.68,293.68,0
2016-05-17,292.03,292.03,292.03,292.03,0
2016-05-18,292.03,292.03,292.03,292.03,0
2016-05-19,292.29,292.29,292.29,292.29,0
2016-05-20,294.26,294.26,294.26,294.26,0
2016-05-23,294.16,294.16,294.16,294.16,0
2016-05-24,299.46,299.46,299.46,299.46,0
2016-05-25,300.57,300.57,300.57,300.57,0
2016-05-26,300.79,300.79,300.79,300.79,0
2016-05-27,302.87,302.87,302.87,302.87,0
2016-05-31,301.55,301.55,301.55,301.55,0
2016-06-01,300.43,300.43,300.43,300.43,0
2016-06-02,301.35,301.35,301.35,301.35,0
2016-06-03,298.3,298.3,298.3,298.3,0
2016-06-06,299.37,299.37,299.37,299.37,0
2016-06-07,300.11,300.11,300.11,300.11,0
2016-06-08,300.34,300.34,300.34,300.34,0
2016-06-09,300.56,300.56,300.56,300.56,0
2016-06-10,296.04,296.04,296.04,296.04,0
2016-06-13,293.24,293.24,293.24,293.24,0
2016-06-14,293.31,293.31,293.31,293.31,0
2016-06-15,292.07,292.07,292.07,292.07,0
2016-06-16,294.12,294.12,294.12,294.12,0
2016-06-17,293.9,293.9,293.9,293.9,0
2016-06-20,298.23,298.23,298.23,298.23,0
2016-06-21,299.5,299.5,299.5,299.5,0
2016-06-23,298.68,298.68,298.68,298.68,0
2016-06-24,293.05,293.05,293.05,293.05,0
2016-06-29,298.59,298.59,298.59,298.59,0
2016-06-30,302.91,302.91,302.91,302.91,0
2016-07-01,302.08,302.08,302.08,302.08,0
2016-07-05,298.43,298.43,298.43,298.43,0
2016-07-06,298.51,298.51,298.51,298.51,0
2016-07-07,297.66,297.66,297.66,297.66,0
2016-07-08,303.37,303.37,303.37,303.37,0
2016-07-11,305.63,305.63,305.63,305.63,0
2016-07-12,306.1,306.1,306.1,306.1,0
2016-07-13,306.96,306.96,306.96,306.96,0
2016-07-14,307.69,307.69,307.69,307.69,0
2016-07-15,308.15,308.15,308.15,308.15,0
2016-07-18,308.0,308.0,308.0,308.0,0
2016-07-19,308.63,308.63,308.63,308.63,0
2016-07-20,310.73,310.73,310.73,310.73,0
2016-07-21,309.34,309.34,309.34,309.34,0
2016-07-22,310.68,310.68,310.68,310.68,0
2016-07-25,310.07,310.07,310.07,310.07,0
2016-07-26,312.2,312.2,312.2,312.2,0
2016-07-27,312.0,312.0,312.0,312.0,0
2016-07-28,310.68,310.68,310.68,310.68,0
2016-07-29,309.07,309.07,309.07,309.07,0
2016-08-02,304.17,304.17,304.17,304.17,0
2016-08-03,304.31,304.31,304.31,304.31,0
2016-08-04,305.41,305.41,305.41,305.41,0
2016-08-05,309.16,309.16,309.16,309.16,0
2016-08-08,308.34,308.34,308.34,308.34,0
2016-08-09,309.22,309.22,309.22,309.22,0
2016-08-11,310.08,310.08,310.08,310.08,0
2016-08-15,309.4,309.4,309.4,309.4,0
2016-08-16,306.17,306.17,306.17,306.17,0
2016-08-17,305.68,305.68,305.68,305.68,0
2016-08-18,305.9,305.9,305.9,305.9,0
2016-08-19,305.38,305.38,305.38,305.38,0
2016-08-22,305.17,305.17,305.17,305.17,0
2016-08-23,306.57,306.57,306.57,306.57,0
2016-08-25,305.12,305.12,305.12,305.12,0
2016-08-26,306.01,306.01,306.01,306.01,0
2016-08-29,308.78,308.78,308.78,308.78,0
2016-08-30,308.32,308.32,308.32,308.32,0
2016-08-31,307.41,307.41,307.41,307.41,0
2016-09-01,306.84,306.84,306.84,306.84,0
2016-09-02,312.36,312.36,312.36,312.36,0
2016-09-06,312.04,312.04,312.04,312.04,0
2016-09-07,311.69,311.69,311.69,311.69,0
2016-09-08,310.66,310.66,310.66,310.66,0
2016-09-09,303.11,303.11,303.11,303.11,0
2016-09-12,304.06,304.06,304.06,304.06,0
2016-09-13,300.51,300.51,300.51,300.51,0
2016-09-14,300.29,300.29,300.29,300.29,0
2016-09-15,302.64,302.64,302.64,302.64,0
2016-09-16,304.21,304.21,304.21,304.21,0
2016-09-19,306.42,306.42,306.42,306.42,0
2016-09-20,306.51,306.51,306.51,306.51,0
2016-09-21,310.08,310.08,310.08,310.08,0
2016-09-22,312.48,312.48,312.48,312.48,0
2016-09-23,309.89,309.89,309.89,309.89,0
2016-09-26,307.44,307.44,307.44,307.44,0
2016-09-27,310.32,310.32,310.32,310.32,0
2016-09-28,312.22,312.22,312.22,312.22,0
2016-09-29,308.75,308.75,308.75,308.75,0
2016-09-30,310.27,310.27,310.27,310.27,0
2016-10-03,309.8,309.8,309.8,309.8,0
2016-10-04,308.86,308.86,308.86,308.86,0
2016-10-05,306.83,306.83,306.83,306.83,0
2016-10-06,306.14,306.14,306.14,306.14,0
2016-10-07,302.91,302.91,302.91,302.91,0
2016-10-10,303.84,303.84,303.84,303.84,0
2016-10-11,303.54,303.54,303.54,303.54,0
2016-10-12,303.93,303.93,303.93,303.93,0
2016-10-13,302.93,302.93,302.93,302.93,0
2016-10-14,303.77,303.77,303.77,303.77,0
2016-10-17,304.41,304.41,304.41,304.41,0
2016-10-18,307.34,307.34,307.34,307.34,0
2016-10-19,308.2,308.2,308.2,308.2,0
2016-10-20,308.27,308.27,308.27,308.27,0
2016-10-21,309.56,309.56,309.56,309.56,0
2016-10-24,309.13,309.13,309.13,309.13,0
2016-10-25,306.51,306.51,306.51,306.51,0
2016-10-26,304.35,304.35,304.35,304.35,0
2016-10-27,303.36,303.36,303.36,303.36,0
2016-10-28,303.05,303.05,303.05,303.05,0
2016-10-31,304.5,304.5,304.5,304.5,0
2016-11-02,294.34,294.34,294.34,294.34,0
2016-11-03,293.54,293.54,293.54,293.54,0
2016-11-04,293.48,293.48,293.48,293.48,0
2016-11-07,298.85,298.85,298.85,298.85,0
2016-11-08,298.9,298.9,298.9,298.9,0
2016-11-09,305.07,305.07,305.07,305.07,0
2016-11-10,305.04,305.04,305.04,305.04,0
2016-11-11,305.0,305.0,305.0,305.0,0
2016-11-14,305.45,305.45,305.45,305.45,0
2016-11-15,307.37,307.37,307.37,307.37,0
2016-11-16,310.07,310.07,310.07,310.07,0
2016-11-17,311.34,311.34,311.34,311.34,0
2016-11-18,311.88,311.88,311.88,311.88,0
2016-11-21,313.68,313.68,313.68,313.68,0
2016-11-22,316.06,316.06,316.06,316.06,0
2016-11-23,316.61,316.61,316.61,316.61,0
2016-11-25,315.78,315.78,315.78,315.78,0
2016-11-28,314.86,314.86,314.86,314.86,0
2016-11-29,313.26,313.26,313.26,313.26,0
2016-11-30,312.2,312.2,312.2,312.2,0
2016-12-01,310.46,310.46,310.46,310.46,0
2016-12-02,309.43,309.43,309.43,309.43,0
2016-12-05,308.57,308.57,308.57,308.57,0
2016-12-06,310.28,310.28,310.28,310.28,0
2016-12-07,310.77,310.77,310.77,310.77,0
2016-12-08,315.16,315.16,315.16,315.16,0
2016-12-09,318.82,318.82,318.82,318.82,0
2016-12-12,317.01,317.01,317.01,317.01,0
2016-12-13,317.22,317.22,317.22,317.22,0
2016-12-14,313.79,313.79,313.79,313.79,0
2016-12-15,318.79,318.79,318.79,318.79,0
2016-12-16,318.3,318.3,318.3,318.3,0
2016-12-19,318.84,318.84,318.84,318.84,0
2016-12-20,321.06,321.06,321.06,321.06,0
2016-12-21,319.72,319.72,319.72,319.72,0
2016-12-22,317.66,317.66,317.66,317.66,0
2016-12-23,318.22,318.22,318.22,318.22,0
2016-12-27,319.81,319.81,319.81,319.81,0
2016-12-28,319.13,319.13,319.13,319.13,0
2016-12-29,318.84,318.84,318.84,318.84,0
2017-01-03,322.66,322.66,322.66,322.66,0
2017-01-04,322.24,322.24,322.24,322.24,0
2017-01-05,319.45,319.45,319.45,319.45,0
2017-01-06,319.35,319.35,319.35,319.35,0
2017-01-09,317.98,317.98,317.98,317.98,0
2017-01-10,317.74,317.74,317.74,317.74,0
2017-01-11,321.47,321.47,321.47,321.47,0
2017-01-12,317.87,317.87,317.87,317.87,0
2017-01-13,318.92,318.92,318.92,318.92,0
2017-01-17,317.45,317.45,317.45,317.45,0
2017-01-18,318.02,318.02,318.02,318.02,0
2017-01-19,318.77,318.77,318.77,318.77,0
2017-01-20,317.61,317.61,317.61,317.61,0
2017-01-23,316.7,316.7,316.7,316.7,0
2017-01-24,318.82,318.82,318.82,318.82,0
2017-01-25,322.48,322.48,322.48,322.48,0
2017-01-26,323.49,323.49,323.49,323.49,0
2017-01-27,322.49,322.49,322.49,322.49,0
2017-01-30,320.82,320.82,320.82,320.82,0
2017-01-31,320.71,320.71,320.71,320.71,0
2017-02-01,321.03,321.03,321.03,321.03,0
2017-02-02,320.22,320.22,320.22,320.22,0
2017-02-03,322.39,322.39,322.39,322.39,0
2017-02-06,322.08,322.08,322.08,322.08,0
2017-02-07,324.67,324.67,324.67,324.67,0
2017-02-08,325.85,325.85,325.85,325.85,0
2017-02-09,329.13,329.13,329.13,329.13,0
2017-02-10,331.44,331.44,331.44,331.44,0
2017-02-13,332.38,332.38,332.38,332.38,0
2017-02-14,332.24,332.24,332.24,332.24,0
2017-02-15,334.06,334.06,334.06,334.06,0
2017-02-16,331.07,331.07,331.07,331.07,0
2017-02-17,332.24,332.24,332.24,332.24,0
2017-02-21,337.06,337.06,337.06,337.06,0
2017-02-22,336.93,336.93,336.93,336.93,0
2017-02-23,334.66,334.66,334.66,334.66,0
2017-02-24,335.17,335.17,335.17,335.17,0
2017-02-27,335.23,335.23,335.23,335.23,0
2017-02-28,334.52,334.52,334.52,334.52,0
2017-03-01,339.89,339.89,339.89,339.89,0
2017-03-02,339.76,339.76,339.76,339.76,0
2017-03-03,338.46,338.46,338.46,338.46,0
2017-03-06,336.06,336.06,336.06,336.06,0
2017-03-07,335.14,335.14,335.14,335.14,0
2017-03-08,334.44,334.44,334.44,334.44,0
2017-03-09,332.86,332.86,332.86,332.86,0
2017-03-10,332.7,332.7,332.7,332.7,0
2017-03-13,334.22,334.22,334.22,334.22,0
2017-03-14,332.99,332.99,332.99,332.99,0
2017-03-15,337.28,337.28,337.28,337.28,0
2017-03-16,335.46,335.46,335.46,335.46,0
2017-03-17,335.72,335.72,335.72,335.72,0
2017-03-20,334.91,334.91,334.91,334.91,0
2017-03-21,331.76,331.76,331.76,331.76,0
2017-03-22,332.81,332.81,332.81,332.81,0
2017-03-23,334.36,334.36,334.36,334.36,0
2017-03-24,333.23,333.23,333.23,333.23,0
2017-03-27,331.76,331.76,331.76,331.76,0
2017-03-28,333.82,333.82,333.82,333.82,0
2017-03-29,335.76,335.76,335.76,335.76,0
2017-03-30,337.35,337.35,337.35,337.35,0
2017-03-31,339.99,339.99,339.99,339.99,0
2017-04-03,339.83,339.83,339.83,339.83,0
2017-04-04,339.69,339.69,339.69,339.69,0
2017-04-05,339.96,339.96,339.96,339.96,0
2017-04-06,341.76,341.76,341.76,341.76,0
2017-04-07,343.03,343.03,343.03,343.03,0
2017-04-10,343.58,343.58,343.58,343.58,0
2017-04-11,344.05,344.05,344.05,344.05,0
2017-04-12,343.05,343.05,343.05,343.05,0
2017-04-13,341.36,341.36,341.36,341.36,0
2017-04-18,340.89,340.89,340.89,340.89,0
2017-04-19,340.48,340.48,340.48,340.48,0
2017-04-20,338.8,338.8,338.8,338.8,0
2017-04-21,341.67,341.67,341.67,341.67,0
2017-04-24,341.33,341.33,341.33,341.33,0
2017-04-25,341.67,341.67,341.67,341.67,0
2017-04-26,343.47,343.47,343.47,343.47,0
2017-04-27,344.55,344.55,344.55,344.55,0
2017-04-28,342.98,342.98,342.98,342.98,0
2017-05-02,343.26,343.26,343.26,343.26,0
2017-05-03,342.97,342.97,342.97,342.97,0
2017-05-04,343.25,343.25,343.25,343.25,0
2017-05-05,345.24,345.24,345.24,345.24,0
2017-05-08,345.74,345.74,345.74,345.74,0
2017-05-09,346.39,346.39,346.39,346.39,0
2017-05-10,347.42,347.42,347.42,347.42,0
2017-05-11,345.59,345.59,345.59,345.59,0
2017-05-12,344.06,344.06,344.06,344.06,0
2017-05-15,343.05,343.05,343.05,343.05,0
2017-05-16,340.07,340.07,340.07,340.07,0
2017-05-17,335.07,335.07,335.07,335.07,0
2017-05-18,333.84,333.84,333.84,333.84,0
2017-05-19,336.19,336.19,336.19,336.19,0
2017-05-22,335.41,335.41,335.41,335.41,0
2017-05-23,337.22,337.22,337.22,337.22,0
2017-05-24,339.12,339.12,339.12,339.12,0
2017-05-26,339.09,339.09,339.09,339.09,0
2017-05-30,339.77,339.77,339.77,339.77,0
2017-05-31,338.83,338.83,338.83,338.83,0
2017-06-01,341.87,341.87,341.87,341.87,0
2017-06-02,340.98,340.98,340.98,340.98,0
2017-06-06,337.6,337.6,337.6,337.6,0
2017-06-07,337.67,337.67,337.67,337.67,0
2017-06-08,338.12,338.12,338.12,338.12,0
2017-06-09,339.57,339.57,339.57,339.57,0
2017-06-12,338.46,338.46,338.46,338.46,0
2017-06-13,340.09,340.09,340.09,340.09,0
2017-06-14,339.55,339.55,339.55,339.55,0
2017-06-15,341.67,341.67,341.67,341.67,0
2017-06-16,342.29,342.29,342.29,342.29,0
2017-06-19,344.25,344.25,344.25,344.25,0
2017-06-20,342.35,342.35,342.35,342.35,0
2017-06-21,340.8,340.8,340.8,340.8,0
2017-06-22,340.74,340.74,340.74,340.74,0
2017-06-26,341.17,341.17,341.17,341.17,0
2017-06-27,336.3,336.3,336.3,336.3,0
2017-06-28,335.71,335.71,335.71,335.71,0
2017-06-29,331.14,331.14,331.14,331.14,0
2017-06-30,332.12,332.12,332.12,332.12,0
2017-07-03,333.57,333.57,333.57,333.57,0
2017-07-05,333.85,333.85,333.85,333.85,0
2017-07-06,329.77,329.77,329.77,329.77,0
2017-07-10,333.02,333.02,333.02,333.02,0
2017-07-11,331.72,331.72,331.72,331.72,0
2017-07-12,335.84,335.84,335.84,335.84,0
2017-07-13,336.57,336.57,336.57,336.57,0
2017-07-14,337.15,337.15,337.15,337.15,0
2017-07-17,337.18,337.18,337.18,337.18,0
2017-07-18,333.48,333.48,333.48,333.48,0
2017-07-19,336.76,336.76,336.76,336.76,0
2017-07-20,334.08,334.08,334.08,334.08,0
2017-07-21,333.36,333.36,333.36,333.36,0
2017-07-24,332.05,332.05,332.05,332.05,0
2017-07-25,331.15,331.15,331.15,331.15,0
2017-07-26,331.81,331.81,331.81,331.81,0
2017-07-27,330.48,330.48,330.48,330.48,0
2017-07-28,326.82,326.82,326.82,326.82,0
2017-07-31,326.71,326.71,326.71,326.71,0
2017-08-01,327.87,327.87,327.87,327.87,0
2017-08-02,326.92,326.92,326.92,326.92,0
2017-08-03,326.36,326.36,326.36,326.36,0
2017-08-04,330.28,330.28,330.28,330.28,0
2017-08-07,329.48,329.48,329.48,329.48,0
2017-08-08,329.63,329.63,329.63,329.63,0
2017-08-09,328.55,328.55,328.55,328.55,0
2017-08-10,324.7,324.7,324.7,324.7,0
2017-08-11,323.45,323.45,323.45,323.45,0
2017-08-14,326.62,326.62,326.62,326.62,0
2017-08-16,328.46,328.46,328.46,328.46,0
2017-08-17,324.62,324.62,324.62,324.62,0
2017-08-18,323.41,323.41,323.41,323.41,0
2017-08-21,322.68,322.68,322.68,322.68,0
2017-08-22,326.28,326.28,326.28,326.28,0
2017-08-23,323.55,323.55,323.55,323.55,0
2017-08-24,322.97,322.97,322.97,322.97,0
2017-08-25,322.6,322.6,322.6,322.6,0
2017-08-28,320.76,320.76,320.76,320.76,0
2017-08-29,319.42,319.42,319.42,319.42,0
2017-08-30,322.69,322.69,322.69,322.69,0
2017-08-31,326.08,326.08,326.08,326.08,0
2017-09-01,326.77,326.77,326.77,326.77,0
2017-09-05,324.73,324.73,324.73,324.73,0
2017-09-06,325.38,325.38,325.38,325.38,0
2017-09-07,325.51,325.51,325.51,325.51,0
2017-09-08,327.38,327.38,327.38,327.38,0
2017-09-11,330.34,330.34,330.34,330.34,0
2017-09-12,331.23,331.23,331.23,331.23,0
2017-09-13,330.89,330.89,330.89,330.89,0
2017-09-14,332.53,332.53,332.53,332.53,0
2017-09-15,330.79,330.79,330.79,330.79,0
2017-09-18,331.92,331.92,331.92,331.92,0
2017-09-19,331.83,331.83,331.83,331.83,0
2017-09-20,332.24,332.24,332.24,332.24,0
2017-09-21,331.84,331.84,331.84,331.84,0
2017-09-22,332.14,332.14,332.14,332.14,0
2017-09-25,334.08,334.08,334.08,334.08,0
2017-09-26,335.23,335.23,335.23,335.23,0
2017-09-27,335.71,335.71,335.71,335.71,0
2017-09-28,335.28,335.28,335.28,335.28,0
2017-09-29,335.63,335.63,335.63,335.63,0
2017-10-02,340.05,340.05,340.05,340.05,0
2017-10-03,340.61,340.61,340.61,340.61,0
2017-10-04,341.01,341.01,341.01,341.01,0
2017-10-05,342.57,342.57,342.57,342.57,0
2017-10-06,341.6,341.6,341.6,341.6,0
2017-10-09,341.79,341.79,341.79,341.79,0
2017-10-10,340.54,340.54,340.54,340.54,0
2017-10-11,339.98,339.98,339.98,339.98,0
2017-10-12,340.99,340.99,340.99,340.99,0
2017-10-13,341.1,341.1,341.1,341.1,0
2017-10-16,341.93,341.93,341.93,341.93,0
2017-10-17,341.64,341.64,341.64,341.64,0
2017-10-18,342.08,342.08,342.08,342.08,0
2017-10-19,341.67,341.67,341.67,341.67,0
2017-10-20,345.03,345.03,345.03,345.03,0
2017-10-23,345.58,345.58,345.58,345.58,0
2017-11-02,348.22,348.22,348.22,348.22,0
2017-11-03,349.47,349.47,349.47,349.47,0
2017-11-06,351.1,351.1,351.1,351.1,0
2017-11-07,351.01,351.01,351.01,351.01,0
2017-11-08,351.47,351.47,351.47,351.47,0
2017-11-09,348.31,348.31,348.31,348.31,0
2017-11-10,346.91,346.91,346.91,346.91,0
2017-11-13,347.15,347.15,347.15,347.15,0
2017-11-14,344.91,344.91,344.91,344.91,0
2017-11-15,341.68,341.68,341.68,341.68,0
2017-11-16,345.2,345.2,345.2,345.2,0
2017-11-17,343.71,343.71,343.71,343.71,0
2017-11-20,345.42,345.42,345.42,345.42,0
2017-11-21,347.69,347.69,347.69,347.69,0
2017-11-22,346.59,346.59,346.59,346.59,0
2017-11-24,343.44,343.44,343.44,343.44,0
2017-11-27,344.29,344.29,344.29,344.29,0
2017-11-28,347.7,347.7,347.7,347.7,0
2017-11-29,348.77,348.77,348.77,348.77,0
2017-11-30,349.51,349.51,349.51,349.51,0
2017-12-01,348.25,348.25,348.25,348.25,0
2017-12-04,349.81,349.81,349.81,349.81,0
2017-12-05,348.25,348.25,348.25,348.25,0
2017-12-06,348.74,348.74,348.74,348.74,0
2017-12-07,349.2,349.2,349.2,349.2,0
2017-12-08,351.22,351.22,351.22,351.22,0
2017-12-11,350.2,350.2,350.2,350.2,0
2017-12-12,350.66,350.66,350.66,350.66,0
2017-12-13,350.34,350.34,350.34,350.34,0
2017-12-14,346.99,346.99,346.99,346.99,0
2017-12-15,350.11,350.11,350.11,350.11,0
2017-12-18,351.86,351.86,351.86,351.86,0
2017-12-19,350.57,350.57,350.57,350.57,0
2017-12-20,349.77,349.77,349.77,349.77,0
2017-12-21,350.57,350.57,350.57,350.57,0
2017-12-22,351.32,351.32,351.32,351.32,0
2017-12-27,351.59,351.59,351.59,351.59,0
2017-12-28,352.18,352.18,352.18,352.18,0
2017-12-29,350.43,350.43,350.43,350.43,0
2018-01-02,348.91,348.91,348.91,348.91,0
2018-01-03,350.16,350.16,350.16,350.16,0
2018-01-04,350.93,350.93,350.93,350.93,0
2018-01-05,353.43,353.43,353.43,353.43,0
2018-01-08,355.6,355.6,355.6,355.6,0
2018-01-09,356.89,356.89,356.89,356.89,0
2018-01-10,352.45,352.45,352.45,352.45,0
2018-01-11,352.51,352.51,352.51,352.51,0
2018-01-12,349.97,349.97,349.97,349.97,0
2018-01-16,350.44,350.44,350.44,350.44,0
2018-01-17,350.96,350.96,350.96,350.96,0
2018-01-18,351.4,351.4,351.4,351.4,0
2018-01-19,354.04,354.04,354.04,354.04,0
2018-01-22,354.45,354.45,354.45,354.45,0
2018-01-23,353.46,353.46,353.46,353.46,0
2018-01-24,349.61,349.61,349.61,349.61,0
2018-01-25,347.57,347.57,347.57,347.57,0
2018-01-26,350.39,350.39,350.39,350.39,0
2018-01-29,348.3,348.3,348.3,348.3,0
2018-01-30,345.06,345.06,345.06,345.06,0
2018-01-31,344.77,344.77,344.77,344.77,0
2018-02-01,344.41,344.41,344.41,344.41,0
2018-02-02,339.41,339.41,339.41,339.41,0
2018-02-05,328.0,328.0,328.0,328.0,0
2018-02-06,328.13,328.13,328.13,328.13,0
2018-02-07,330.38,330.38,330.38,330.38,0
2018-02-08,323.69,323.69,323.69,323.69,0
2018-02-09,323.58,323.58,323.58,323.58,0
2018-02-12,326.18,326.18,326.18,326.18,0
2018-02-13,324.11,324.11,324.11,324.11,0
2018-02-14,327.21,327.21,327.21,327.21,0
2018-02-15,328.01,328.01,328.01,328.01,0
2018-02-16,331.92,331.92,331.92,331.92,0
2018-02-20,332.67,332.67,332.67,332.67,0
2018-02-21,332.37,332.37,332.37,332.37,0
2018-02-22,332.99,332.99,332.99,332.99,0
2018-02-23,337.14,337.14,337.14,337.14,0
2018-02-26,339.03,339.03,339.03,339.03,0
2018-02-27,336.74,336.74,336.74,336.74,0
2018-02-28,333.31,333.31,333.31,333.31,0
2018-03-01,329.67,329.67,329.67,329.67,0
2018-03-02,324.77,324.77,324.77,324.77,0
2018-03-05,327.64,327.64,327.64,327.64,0
2018-03-06,327.49,327.49,327.49,327.49,0
2018-03-07,330.06,330.06,330.06,330.06,0
2018-03-08,333.95,333.95,333.95,333.95,0
2018-03-09,339.37,339.37,339.37,339.37,0
2018-03-12,338.84,338.84,338.84,338.84,0
2018-03-13,334.99,334.99,334.99,334.99,0
2018-03-14,334.75,334.75,334.75,334.75,0
2018-03-15,335.05,335.05,335.05,335.05,0
2018-03-16,336.77,336.77,336.77,336.77,0
2018-03-19,334.1,334.1,334.1,334.1,0
2018-03-20,336.01,336.01,336.01,336.01,0
2018-03-21,336.24,336.24,336.24,336.24,0
2018-03-22,328.56,328.56,328.56,328.56,0
2018-03-23,324.04,324.04,324.04,324.04,0
2018-03-26,326.04,326.04,326.04,326.04,0
2018-03-27,324.86,324.86,324.86,324.86,0
2018-03-28,326.27,326.27,326.27,326.27,0
2018-03-29,330.35,330.35,330.35,330.35,0
2018-04-03,328.02,328.02,328.02,328.02,0
2018-04-04,328.36,328.36,328.36,328.36,0
2018-04-05,332.95,332.95,332.95,332.95,0
2018-04-06,328.82,328.82,328.82,328.82,0
2018-04-09,328.31,328.31,328.31,328.31,0
2018-04-10,329.57,329.57,329.57,329.57,0
2018-04-11,327.01,327.01,327.01,327.01,0
2018-04-12,329.11,329.11,329.11,329.11,0
2018-04-13,329.22,329.22,329.22,329.22,0
2018-04-16,329.99,329.99,329.99,329.99,0
2018-04-17,333.67,333.67,333.67,333.67,0
2018-04-18,334.23,334.23,334.23,334.23,0
2018-04-19,333.86,333.86,333.86,333.86,0
2018-04-20,334.69,334.69,334.69,334.69,0
2018-04-23,336.3,336.3,336.3,336.3,0
2018-04-24,332.02,332.02,332.02,332.02,0
2018-04-25,332.16,332.16,332.16,332.16,0
2018-04-26,335.84,335.84,335.84,335.84,0
2018-04-27,336.65,336.65,336.65,336.65,0
2018-04-30,334.8,334.8,334.8,334.8,0
2018-05-02,336.71,336.71,336.71,336.71,0
2018-05-03,337.82,337.82,337.82,337.82,0
2018-05-04,341.0,341.0,341.0,341.0,0
2018-05-07,342.19,342.19,342.19,342.19,0
2018-05-08,344.59,344.59,344.59,344.59,0
2018-05-09,345.57,345.57,345.57,345.57,0
2018-05-11,345.39,345.39,345.39,345.39,0
2018-05-14,343.85,343.85,343.85,343.85,0
2018-05-15,342.84,342.84,342.84,342.84,0
2018-05-16,344.88,344.88,344.88,344.88,0
2018-05-17,346.35,346.35,346.35,346.35,0
2018-05-18,348.82,348.82,348.82,348.82,0
2018-05-22,350.16,350.16,350.16,350.16,0
2018-05-23,350.73,350.73,350.73,350.73,0
2018-05-24,350.75,350.75,350.75,350.75,0
2018-05-25,352.29,352.29,352.29,352.29,0
2018-05-29,350.23,350.23,350.23,350.23,0
2018-05-30,351.86,351.86,351.86,351.86,0
2018-05-31,346.63,346.63,346.63,346.63,0
2018-06-01,349.28,349.28,349.28,349.28,0
2018-06-04,349.07,349.07,349.07,349.07,0
2018-06-05,349.0,349.0,349.0,349.0,0
2018-06-06,347.01,347.01,347.01,347.01,0
2018-06-07,345.95,345.95,345.95,345.95,0
2018-06-08,348.46,348.46,348.46,348.46,0
2018-06-11,347.79,347.79,347.79,347.79,0
2018-06-12,348.6,348.6,348.6,348.6,0
2018-06-13,346.52,346.52,346.52,346.52,0
2018-06-14,350.49,350.49,350.49,350.49,0
2018-06-15,349.24,349.24,349.24,349.24,0
2018-06-18,347.34,347.34,347.34,347.34,0
2018-06-19,346.36,346.36,346.36,346.36,0
2018-06-20,346.53,346.53,346.53,346.53,0
2018-06-21,341.67,341.67,341.67,341.67,0
2018-06-22,342.1,342.1,342.1,342.1,0
2018-06-25,338.56,338.56,338.56,338.56,0
2018-06-26,339.4,339.4,339.4,339.4,0
2018-06-27,339.29,339.29,339.29,339.29,0
2018-06-28,339.75,339.75,339.75,339.75,0
2018-06-29,339.15,339.15,339.15,339.15,0
2018-07-02,339.94,339.94,339.94,339.94,0
2018-07-03,340.22,340.22,340.22,340.22,0
2018-07-05,340.94,340.94,340.94,340.94,0
2018-07-06,342.53,342.53,342.53,342.53,0
2018-07-09,342.64,342.64,342.64,342.64,0
2018-07-10,343.37,343.37,343.37,343.37,0
2018-07-11,340.62,340.62,340.62,340.62,0
2018-07-12,343.77,343.77,343.77,343.77,0
2018-07-13,345.17,345.17,345.17,345.17,0
2018-07-16,342.4,342.4,342.4,342.4,0
2019-01-02,323.79,323.79,323.79,323.79,0
2019-01-03,323.34,323.34,323.34,323.34,0
2019-01-04,328.24,328.24,328.24,328.24,0
2019-01-07,328.89,328.89,328.89,328.89,0
2019-01-08,333.01,333.01,333.01,333.01,0
2019-01-09,334.07,334.07,334.07,334.07,0
2019-01-10,334.52,334.52,334.52,334.52,0
2019-01-11,337.57,337.57,337.57,337.57,0
2019-01-14,338.03,338.03,338.03,338.03,0
2019-01-15,339.27,339.27,339.27,339.27,0
2019-01-16,342.17,342.17,342.17,342.17,0
2019-01-17,342.66,342.66,342.66,342.66,0
2019-01-18,348.35,348.35,348.35,348.35,0
2019-01-22,347.54,347.54,347.54,347.54,0
2019-01-23,348.23,348.23,348.23,348.23,0
2019-01-24,347.04,347.04,347.04,347.04,0
2019-01-25,350.3,350.3,350.3,350.3,0
2019-01-28,346.28,346.28,346.28,346.28,0
2019-01-29,349.94,349.94,349.94,349.94,0
2019-01-30,348.75,348.75,348.75,348.75,0
2019-01-31,350.38,350.38,350.38,350.38,0
2019-02-01,353.37,353.37,353.37,353.37,0
2019-02-05,356.24,356.24,356.24,356.24,0
2019-02-06,357.69,357.69,357.69,357.69,0
2019-02-07,356.94,356.94,356.94,356.94,0
2019-02-08,354.95,354.95,354.95,354.95,0
2019-02-11,359.98,359.98,359.98,359.98,0
2019-02-12,360.89,360.89,360.89,360.89,0
2019-02-13,364.86,364.86,364.86,364.86,0
2019-02-14,363.62,363.62,363.62,363.62,0
2019-02-15,366.12,366.12,366.12,366.12,0
2019-02-19,366.72,366.72,366.72,366.72,0
2019-02-20,367.31,367.31,367.31,367.31,0
2019-02-21,367.97,367.97,367.97,367.97,0
2019-02-22,371.44,371.44,371.44,371.44,0
2019-02-25,373.89,373.89,373.89,373.89,0
2019-02-26,373.47,373.47,373.47,373.47,0
2019-02-27,372.28,372.28,372.28,372.28,0
2019-02-28,371.38,371.38,371.38,371.38,0
2019-03-01,372.4,372.4,372.4,372.4,0
2019-03-04,376.32,376.32,376.32,376.32,0
2019-03-05,375.4,375.4,375.4,375.4,0
2019-03-06,374.21,374.21,374.21,374.21,0
2019-03-07,372.27,372.27,372.27,372.27,0
2019-03-08,370.22,370.22,370.22,370.22,0
2019-03-11,373.75,373.75,373.75,373.75,0
2019-03-12,375.96,375.96,375.96,375.96,0
2019-03-13,376.58,376.58,376.58,376.58,0
2019-03-14,377.15,377.15,377.15,377.15,0
2019-03-15,377.84,377.84,377.84,377.84,0
2019-03-18,379.36,379.36,379.36,379.36,0
2019-03-19,380.85,380.85,380.85,380.85,0
2019-03-20,377.98,377.98,377.98,377.98,0
2019-03-21,380.21,380.21,380.21,380.21,0
2019-03-22,380.09,380.09,380.09,380.09,0
2019-03-25,376.54,376.54,376.54,376.54,0
2019-03-26,379.9,379.9,379.9,379.9,0
2019-03-27,379.85,379.85,379.85,379.85,0
2019-03-28,380.12,380.12,380.12,380.12,0
2019-03-29,382.39,382.39,382.39,382.39,0
2019-04-01,385.4,385.4,385.4,385.4,0
2019-04-02,385.53,385.53,385.53,385.53,0
2019-04-03,385.9,385.9,385.9,385.9,0
2019-04-04,387.19,387.19,387.19,387.19,0
2019-04-05,387.7,387.7,387.7,387.7,0
2019-04-08,385.12,385.12,385.12,385.12,0
2019-04-09,382.72,382.72,382.72,382.72,0
2019-04-10,385.57,385.57,385.57,385.57,0
2019-04-11,383.42,383.42,383.42,383.42,0
2019-04-12,385.14,385.14,385.14,385.14,0
2019-04-15,385.49,385.49,385.49,385.49,0
2019-04-16,388.1,388.1,388.1,388.1,0
2019-04-17,384.32,384.32,384.32,384.32,0
2019-04-18,385.22,385.22,385.22,385.22,0
2019-04-23,387.53,387.53,387.53,387.53,0
2019-04-24,389.81,389.81,389.81,389.81,0
2019-04-25,391.43,391.43,391.43,391.43,0
2019-04-26,392.57,392.57,392.57,392.57,0
2019-04-29,395.64,395.64,395.64,395.64,0
2019-04-30,393.83,393.83,393.83,393.83,0
2019-05-02,393.19,393.19,393.19,393.19,0
2019-05-03,396.6,396.6,396.6,396.6,0
2019-05-06,393.75,393.75,393.75,393.75,0
2019-05-07,391.36,391.36,391.36,391.36,0
2019-05-08,388.91,388.91,388.91,388.91,0
2019-05-10,384.54,384.54,384.54,384.54,0
2019-05-13,380.8,380.8,380.8,380.8,0
2019-05-14,382.46,382.46,382.46,382.46,0
2019-05-15,381.95,381.95,381.95,381.95,0
2019-05-16,383.71,383.71,383.71,383.71,0
2019-05-17,381.26,381.26,381.26,381.26,0
2019-05-20,380.07,380.07,380.07,380.07,0
2019-05-21,383.49,383.49,383.49,383.49,0
2019-05-22,383.12,383.12,383.12,383.12,0
2019-05-23,380.32,380.32,380.32,380.32,0
2019-05-24,381.57,381.57,381.57,381.57,0
2019-05-28,382.98,382.98,382.98,382.98,0
2019-05-29,379.56,379.56,379.56,379.56,0
2019-05-31,378.61,378.61,378.61,378.61,0
2019-06-03,380.37,380.37,380.37,380.37,0
2019-06-04,381.46,381.46,381.46,381.46,0
2019-06-05,387.0,387.0,387.0,387.0,0
2019-06-06,390.34,390.34,390.34,390.34,0
2019-06-07,392.18,392.18,392.18,392.18,0
2019-06-11,393.34,393.34,393.34,393.34,0
2019-06-12,392.54,392.54,392.54,392.54,0
2019-06-13,396.32,396.32,396.32,396.32,0
2019-06-14,395.15,395.15,395.15,395.15,0
2019-06-17,395.88,395.88,395.88,395.88,0
2019-06-18,400.03,400.03,400.03,400.03,0
2019-06-19,398.73,398.73,398.73,398.73,0
2019-06-20,401.47,401.47,401.47,401.47,0
2019-06-21,399.69,399.69,399.69,399.69,0
2019-06-24,398.64,398.64,398.64,398.64,0
2019-06-25,398.61,398.61,398.61,398.61,0
2019-06-26,395.94,395.94,395.94,395.94,0
2019-06-27,395.5,395.5,395.5,395.5,0
2019-06-28,396.64,396.64,396.64,396.64,0
2019-07-01,400.68,400.68,400.68,400.68,0
2019-07-02,403.53,403.53,403.53,403.53,0
2019-07-03,407.5,407.5,407.5,407.5,0
2019-07-05,405.44,405.44,405.44,405.44,0
2019-07-08,407.24,407.24,407.24,407.24,0
2019-07-09,404.74,404.74,404.74,404.74,0
2019-07-10,404.9,404.9,404.9,404.9,0
2019-07-11,404.81,404.81,404.81,404.81,0
2019-07-12,403.58,403.58,403.58,403.58,0
2019-07-15,404.43,404.43,404.43,404.43,0
2019-07-16,405.3,405.3,405.3,405.3,0
2019-07-17,405.78,405.78,405.78,405.78,0
2019-07-18,404.13,404.13,404.13,404.13,0
2019-07-19,407.02,407.02,407.02,407.02,0
2019-07-22,404.85,404.85,404.85,404.85,0
2019-07-23,407.49,407.49,407.49,407.49,0
2019-07-24,408.61,408.61,408.61,408.61,0
2019-07-25,408.37,408.37,408.37,408.37,0
2019-07-26,410.53,410.53,410.53,410.53,0
2019-07-29,411.56,411.56,411.56,411.56,0
2019-07-30,408.34,408.34,408.34,408.34,0
2019-07-31,409.58,409.58,409.58,409.58,0
2019-08-01,410.17,410.17,410.17,410.17,0
2019-08-02,403.88,403.88,403.88,403.88,0
2019-08-05,394.42,394.42,394.42,394.42,0
2019-08-06,393.79,393.79,393.79,393.79,0
